date,price,size
2010-12-01 09:30:00.000,41.9025,3512
2010-12-01 09:35:00.000,42.01208,1309
2010-12-01 09:40:00.000,41.8625,943
2010-12-01 09:45:00.000,41.83308,663
2010-12-01 09:50:00.000,41.99,629
2010-12-01 09:55:00.000,41.83941,704
2010-12-01 10:00:00.000,41.79125,792
2010-12-01 10:05:00.000,41.79389,1002
2010-12-01 10:10:00.000,41.63,686
2010-12-01 10:15:00.000,41.65,788
2010-12-01 10:20:00.000,41.652,823
2010-12-01 10:25:00.000,41.722,936
2010-12-01 10:30:00.000,41.76727,708
2010-12-01 10:35:00.000,41.72083,678
2010-12-01 10:40:00.000,41.81625,1094
2010-12-01 10:45:00.000,41.865,354
2010-12-01 10:50:00.000,41.94154,693
2010-12-01 10:55:00.000,42.057,565
2010-12-01 11:00:00.000,42.04444,336
2010-12-01 11:05:00.000,42.10444,426
2010-12-01 11:10:00.000,42.074,599
2010-12-01 11:15:00.000,42.166,510
2010-12-01 11:20:00.000,42.14889,631
2010-12-01 11:25:00.000,42.22533,661
2010-12-01 11:30:00.000,42.26667,570
2010-12-01 11:35:00.000,42.236,848
2010-12-01 11:40:00.000,42.26143,410
2010-12-01 11:45:00.000,42.29,312
2010-12-01 11:50:00.000,42.29636,630
2010-12-01 11:55:00.000,42.202,290
2010-12-01 12:00:00.000,42.03333,198
2010-12-01 12:05:00.000,42.005,273
2010-12-01 12:10:00.000,42.03,867
2010-12-01 12:15:00.000,42.09125,589
2010-12-01 12:20:00.000,42.23111,580
2010-12-01 12:25:00.000,42.08429,437
2010-12-01 12:30:00.000,42.06091,656
2010-12-01 12:35:00.000,41.8775,614
2010-12-01 12:40:00.000,41.7,676
2010-12-01 12:45:00.000,41.73667,348
2010-12-01 12:50:00.000,41.745,405
2010-12-01 12:55:00.000,41.753,622
2010-12-01 13:00:00.000,41.815,450
2010-12-01 13:05:00.000,41.73286,501
2010-12-01 13:10:00.000,41.66,541
2010-12-01 13:15:00.000,41.696,707
2010-12-01 13:20:00.000,41.76,395
2010-12-01 13:25:00.000,41.79375,383
2010-12-01 13:30:00.000,41.903,639
2010-12-01 13:35:00.000,41.854,862
2010-12-01 13:40:00.000,41.87727,532
2010-12-01 13:45:00.000,41.96937,973
2010-12-01 13:50:00.000,42.02636,557
2010-12-01 13:55:00.000,42.18882,952
2010-12-01 14:00:00.000,42.43875,553
2010-12-01 14:05:00.000,42.50667,557
2010-12-01 14:10:00.000,42.60462,677
2010-12-01 14:15:00.000,42.691,373
2010-12-01 14:20:00.000,42.84533,739
2010-12-01 14:25:00.000,42.87125,393
2010-12-01 14:30:00.000,42.89545,564
2010-12-01 14:35:00.000,42.84667,1007
2010-12-01 14:40:00.000,42.96846,727
2010-12-01 14:45:00.000,43.07286,312
2010-12-01 14:50:00.000,43.05615,872
2010-12-01 14:55:00.000,43.01769,478
2010-12-01 15:00:00.000,43.068,368
2010-12-01 15:05:00.000,43.07833,733
2010-12-01 15:10:00.000,43.04,578
2010-12-01 15:15:00.000,42.92833,727
2010-12-01 15:20:00.000,42.78067,693
2010-12-01 15:25:00.000,42.666,869
2010-12-01 15:30:00.000,42.73929,810
2010-12-01 15:35:00.000,42.79684,990
2010-12-01 15:40:00.000,42.83438,1008
2010-12-01 15:45:00.000,43.03455,1301
2010-12-01 15:50:00.000,43.02871,1771
2010-12-01 15:55:00.000,42.88022,2513
2010-12-02 09:30:00.000,42.92848,2599
2010-12-02 09:35:00.000,42.92074,1674
2010-12-02 09:40:00.000,42.86308,1323
2010-12-02 09:45:00.000,42.82278,693
2010-12-02 09:50:00.000,42.71923,797
2010-12-02 09:55:00.000,42.733,1016
2010-12-02 10:00:00.000,42.51545,598
2010-12-02 10:05:00.000,42.452,575
2010-12-02 10:10:00.000,42.54857,835
2010-12-02 10:15:00.000,42.6705,1207
2010-12-02 10:20:00.000,42.41,481
2010-12-02 10:25:00.000,42.435,801
2010-12-02 10:30:00.000,42.54636,592
2010-12-02 10:35:00.000,42.48333,276
2010-12-02 10:40:00.000,42.31667,879
2010-12-02 10:45:00.000,42.26909,494
2010-12-02 10:50:00.000,42.27571,784
2010-12-02 10:55:00.000,42.26214,647
2010-12-02 11:00:00.000,42.44778,905
2010-12-02 11:05:00.000,42.43333,688
2010-12-02 11:10:00.000,42.45143,795
2010-12-02 11:15:00.000,42.422,664
2010-12-02 11:20:00.000,42.25111,539
2010-12-02 11:25:00.000,42.19625,405
2010-12-02 11:30:00.000,42.22273,733
2010-12-02 11:35:00.000,42.19071,736
2010-12-02 11:40:00.000,42.26308,629
2010-12-02 11:45:00.000,42.14214,816
2010-12-02 11:50:00.000,42.25214,845
2010-12-02 11:55:00.000,42.34091,663
2010-12-02 12:00:00.000,42.52,313
2010-12-02 12:05:00.000,42.58909,585
2010-12-02 12:10:00.000,42.474,327
2010-12-02 12:15:00.000,42.495,375
2010-12-02 12:20:00.000,42.57667,802
2010-12-02 12:25:00.000,42.617,489
2010-12-02 12:30:00.000,42.46909,645
2010-12-02 12:35:00.000,42.423,620
2010-12-02 12:40:00.000,42.36636,574
2010-12-02 12:45:00.000,42.38929,838
2010-12-02 12:50:00.000,42.37267,916
2010-12-02 12:55:00.000,42.285,219
2010-12-02 13:00:00.000,42.18286,336
2010-12-02 13:05:00.000,42.05909,587
2010-12-02 13:10:00.000,42.06333,563
2010-12-02 13:15:00.000,42.07909,619
2010-12-02 13:20:00.000,42.07,672
2010-12-02 13:25:00.000,42.10875,410
2010-12-02 13:30:00.000,42.07533,846
2010-12-02 13:35:00.000,42.07714,266
2010-12-02 13:40:00.000,41.94286,384
2010-12-02 13:45:00.000,41.786,554
2010-12-02 13:50:00.000,41.83769,692
2010-12-02 13:55:00.000,41.85467,959
2010-12-02 14:00:00.000,41.8275,845
2010-12-02 14:05:00.000,41.87714,422
2010-12-02 14:10:00.000,41.909,513
2010-12-02 14:15:00.000,41.94,648
2010-12-02 14:20:00.000,42.03714,758
2010-12-02 14:25:00.000,42.0775,556
2010-12-02 14:30:00.000,42.06857,435
2010-12-02 14:35:00.000,42.29583,676
2010-12-02 14:40:00.000,42.459,603
2010-12-02 14:45:00.000,42.29333,400
2010-12-02 14:50:00.000,42.39636,748
2010-12-02 14:55:00.000,42.66929,756
2010-12-02 15:00:00.000,42.7225,561
2010-12-02 15:05:00.000,42.57125,743
2010-12-02 15:10:00.000,42.42846,628
2010-12-02 15:15:00.000,42.29647,999
2010-12-02 15:20:00.000,42.3775,746
2010-12-02 15:25:00.000,42.37526,858
2010-12-02 15:30:00.000,42.211,1216
2010-12-02 15:35:00.000,42.35667,971
2010-12-02 15:40:00.000,42.43375,939
2010-12-02 15:45:00.000,42.33059,943
2010-12-02 15:50:00.000,42.52846,1402
2010-12-02 15:55:00.000,42.71,1573
2010-12-03 09:30:00.000,42.76286,2268
2010-12-03 09:35:00.000,42.75429,1459
2010-12-03 09:40:00.000,42.87562,916
2010-12-03 09:45:00.000,42.87867,778
2010-12-03 09:50:00.000,42.8015,1086
2010-12-03 09:55:00.000,42.89444,476
2010-12-03 10:00:00.000,42.89813,954
2010-12-03 10:05:00.000,42.85,1067
2010-12-03 10:10:00.000,42.68625,390
2010-12-03 10:15:00.000,42.64375,1288
2010-12-03 10:20:00.000,42.72,852
2010-12-03 10:25:00.000,43.01615,758
2010-12-03 10:30:00.000,43.3,808
2010-12-03 10:35:00.000,43.35867,960
2010-12-03 10:40:00.000,43.41929,745
2010-12-03 10:45:00.000,43.45692,475
2010-12-03 10:50:00.000,43.4325,566
2010-12-03 10:55:00.000,43.55,708
2010-12-03 11:00:00.000,43.55857,369
2010-12-03 11:05:00.000,43.501,381
2010-12-03 11:10:00.000,43.4775,417
2010-12-03 11:15:00.000,43.50375,452
2010-12-03 11:20:00.000,43.432,596
2010-12-03 11:25:00.000,43.53909,617
2010-12-03 11:30:00.000,43.49,269
2010-12-03 11:35:00.000,43.594,478
2010-12-03 11:40:00.000,43.6675,494
2010-12-03 11:45:00.000,43.60667,348
2010-12-03 11:50:00.000,43.65857,465
2010-12-03 11:55:00.000,43.75455,571
2010-12-03 12:00:00.000,43.90818,549
2010-12-03 12:05:00.000,43.88143,609
2010-12-03 12:10:00.000,43.68545,479
2010-12-03 12:15:00.000,43.74143,474
2010-12-03 12:20:00.000,43.68875,363
2010-12-03 12:25:00.000,43.76167,368
2010-12-03 12:30:00.000,43.66125,499
2010-12-03 12:35:00.000,43.58833,387
2010-12-03 12:40:00.000,43.6375,359
2010-12-03 12:45:00.000,43.63333,536
2010-12-03 12:50:00.000,43.74778,330
2010-12-03 12:55:00.000,43.70667,671
2010-12-03 13:00:00.000,43.65667,323
2010-12-03 13:05:00.000,43.66,325
2010-12-03 13:10:00.000,43.70143,351
2010-12-03 13:15:00.000,43.725,811
2010-12-03 13:20:00.000,43.75667,610
2010-12-03 13:25:00.000,43.746,413
2010-12-03 13:30:00.000,43.74833,264
2010-12-03 13:35:00.000,43.72,803
2010-12-03 13:40:00.000,43.80417,591
2010-12-03 13:45:00.000,43.71556,464
2010-12-03 13:50:00.000,43.74571,390
2010-12-03 13:55:00.000,43.54571,721
2010-12-03 14:00:00.000,43.565,333
2010-12-03 14:05:00.000,43.58214,593
2010-12-03 14:10:00.000,43.775,796
2010-12-03 14:15:00.000,43.96545,524
2010-12-03 14:20:00.000,43.8325,478
2010-12-03 14:25:00.000,43.65909,732
2010-12-03 14:30:00.000,43.79875,554
2010-12-03 14:35:00.000,43.76417,679
2010-12-03 14:40:00.000,43.69818,607
2010-12-03 14:45:00.000,43.76154,661
2010-12-03 14:50:00.000,43.92385,795
2010-12-03 14:55:00.000,43.84571,784
2010-12-03 15:00:00.000,43.81417,699
2010-12-03 15:05:00.000,43.67588,964
2010-12-03 15:10:00.000,43.67,702
2010-12-03 15:15:00.000,43.5375,754
2010-12-03 15:20:00.000,43.44778,475
2010-12-03 15:25:00.000,43.281,1021
2010-12-03 15:30:00.000,43.22462,808
2010-12-03 15:35:00.000,43.18368,1141
2010-12-03 15:40:00.000,43.27421,872
2010-12-03 15:45:00.000,43.19136,1458
2010-12-03 15:50:00.000,43.33148,1309
2010-12-03 15:55:00.000,43.38949,2389
2010-12-06 09:30:00.000,43.46696,2286
2010-12-06 09:35:00.000,43.53045,1283
2010-12-06 09:40:00.000,43.51115,1426
2010-12-06 09:45:00.000,43.41063,798
2010-12-06 09:50:00.000,43.43375,479
2010-12-06 09:55:00.000,43.57083,549
2010-12-06 10:00:00.000,43.66091,678
2010-12-06 10:05:00.000,43.6795,991
2010-12-06 10:10:00.000,43.65556,439
2010-12-06 10:15:00.000,43.80091,488
2010-12-06 10:20:00.000,43.705,321
2010-12-06 10:25:00.000,43.77,955
2010-12-06 10:30:00.000,43.855,823
2010-12-06 10:35:00.000,43.64333,449
2010-12-06 10:40:00.000,43.56133,836
2010-12-06 10:45:00.000,43.38,560
2010-12-06 10:50:00.000,43.28714,350
2010-12-06 10:55:00.000,43.31182,434
2010-12-06 11:00:00.000,43.38714,472
2010-12-06 11:05:00.000,43.5075,653
2010-12-06 11:10:00.000,43.639,678
2010-12-06 11:15:00.000,43.80455,648
2010-12-06 11:20:00.000,43.85143,302
2010-12-06 11:25:00.000,43.63875,451
2010-12-06 11:30:00.000,43.71,820
2010-12-06 11:35:00.000,43.58273,598
2010-12-06 11:40:00.000,43.52778,603
2010-12-06 11:45:00.000,43.5575,459
2010-12-06 11:50:00.000,43.43571,321
2010-12-06 11:55:00.000,43.383,600
2010-12-06 12:00:00.000,43.31714,370
2010-12-06 12:05:00.000,43.20111,482
2010-12-06 12:10:00.000,43.11643,779
2010-12-06 12:15:00.000,42.98583,577
2010-12-06 12:20:00.000,42.94167,617
2010-12-06 12:25:00.000,42.87182,649
2010-12-06 12:30:00.000,42.84813,878
2010-12-06 12:35:00.000,42.91385,695
2010-12-06 12:40:00.000,42.77444,406
2010-12-06 12:45:00.000,42.82286,404
2010-12-06 12:50:00.000,42.765,381
2010-12-06 12:55:00.000,42.67222,461
2010-12-06 13:00:00.000,42.707,501
2010-12-06 13:05:00.000,42.66714,424
2010-12-06 13:10:00.000,42.71333,383
2010-12-06 13:15:00.000,42.76182,651
2010-12-06 13:20:00.000,42.8,569
2010-12-06 13:25:00.000,42.88059,982
2010-12-06 13:30:00.000,42.82818,571
2010-12-06 13:35:00.000,42.8275,420
2010-12-06 13:40:00.000,42.86333,293
2010-12-06 13:45:00.000,42.81929,762
2010-12-06 13:50:00.000,42.8325,444
2010-12-06 13:55:00.000,42.92455,742
2010-12-06 14:00:00.000,42.89417,609
2010-12-06 14:05:00.000,42.94,604
2010-12-06 14:10:00.000,43.1025,440
2010-12-06 14:15:00.000,43.176,651
2010-12-06 14:20:00.000,43.268,584
2010-12-06 14:25:00.000,43.44857,402
2010-12-06 14:30:00.000,43.535,451
2010-12-06 14:35:00.000,43.53091,369
2010-12-06 14:40:00.000,43.55667,200
2010-12-06 14:45:00.000,43.66167,655
2010-12-06 14:50:00.000,43.76583,664
2010-12-06 14:55:00.000,43.76,740
2010-12-06 15:00:00.000,43.77,722
2010-12-06 15:05:00.000,43.69188,870
2010-12-06 15:10:00.000,43.63429,936
2010-12-06 15:15:00.000,43.64917,1274
2010-12-06 15:20:00.000,43.71312,1030
2010-12-06 15:25:00.000,43.55364,603
2010-12-06 15:30:00.000,43.57474,1125
2010-12-06 15:35:00.000,43.56813,774
2010-12-06 15:40:00.000,43.79563,1018
2010-12-06 15:45:00.000,43.80345,1719
2010-12-06 15:50:00.000,43.74129,1682
2010-12-06 15:55:00.000,43.595,2400
2010-12-07 09:30:00.000,43.45694,2880
2010-12-07 09:35:00.000,43.45517,1780
2010-12-07 09:40:00.000,43.44138,1705
2010-12-07 09:45:00.000,43.39211,1132
2010-12-07 09:50:00.000,43.49053,884
2010-12-07 09:55:00.000,43.3835,1038
2010-12-07 10:00:00.000,43.346,1088
2010-12-07 10:05:00.000,43.55923,649
2010-12-07 10:10:00.000,43.80588,870
2010-12-07 10:15:00.000,43.85833,680
2010-12-07 10:20:00.000,43.94,450
2010-12-07 10:25:00.000,44.025,655
2010-12-07 10:30:00.000,43.97583,569
2010-12-07 10:35:00.000,43.96143,683
2010-12-07 10:40:00.000,44.01222,553
2010-12-07 10:45:00.000,43.88533,850
2010-12-07 10:50:00.000,43.74294,751
2010-12-07 10:55:00.000,43.80364,634
2010-12-07 11:00:00.000,43.735,371
2010-12-07 11:05:00.000,43.73,448
2010-12-07 11:10:00.000,43.72875,395
2010-12-07 11:15:00.000,43.81357,699
2010-12-07 11:20:00.000,43.79429,419
2010-12-07 11:25:00.000,43.75667,898
2010-12-07 11:30:00.000,43.96,714
2010-12-07 11:35:00.000,44.15615,685
2010-12-07 11:40:00.000,44.281,459
2010-12-07 11:45:00.000,44.41308,763
2010-12-07 11:50:00.000,44.40143,364
2010-12-07 11:55:00.000,44.361,377
2010-12-07 12:00:00.000,44.18667,190
2010-12-07 12:05:00.000,44.16333,499
2010-12-07 12:10:00.000,44.089,560
2010-12-07 12:15:00.000,44.04,389
2010-12-07 12:20:00.000,44.022,342
2010-12-07 12:25:00.000,44.08636,532
2010-12-07 12:30:00.000,44.07333,219
2010-12-07 12:35:00.000,44.0825,365
2010-12-07 12:40:00.000,44.123,507
2010-12-07 12:45:00.000,44.07,730
2010-12-07 12:50:00.000,43.965,220
2010-12-07 12:55:00.000,43.86375,465
2010-12-07 13:00:00.000,43.81429,441
2010-12-07 13:05:00.000,43.83917,714
2010-12-07 13:10:00.000,43.8975,390
2010-12-07 13:15:00.000,43.99111,458
2010-12-07 13:20:00.000,44.01143,440
2010-12-07 13:25:00.000,43.76833,383
2010-12-07 13:30:00.000,43.6325,184
2010-12-07 13:35:00.000,43.59188,854
2010-12-07 13:40:00.000,43.55727,762
2010-12-07 13:45:00.000,43.33889,461
2010-12-07 13:50:00.000,43.235,380
2010-12-07 13:55:00.000,43.27625,374
2010-12-07 14:00:00.000,43.28067,924
2010-12-07 14:05:00.000,43.27875,407
2010-12-07 14:10:00.000,43.13125,411
2010-12-07 14:15:00.000,43.11875,517
2010-12-07 14:20:00.000,43.22692,817
2010-12-07 14:25:00.000,43.18,616
2010-12-07 14:30:00.000,43.20091,596
2010-12-07 14:35:00.000,43.231,484
2010-12-07 14:40:00.000,43.36643,670
2010-12-07 14:45:00.000,43.4525,633
2010-12-07 14:50:00.000,43.64059,866
2010-12-07 14:55:00.000,43.71937,907
2010-12-07 15:00:00.000,43.92529,1082
2010-12-07 15:05:00.000,43.855,284
2010-12-07 15:10:00.000,43.85286,786
2010-12-07 15:15:00.000,43.91125,783
2010-12-07 15:20:00.000,44.23154,744
2010-12-07 15:25:00.000,44.31125,707
2010-12-07 15:30:00.000,44.41,488
2010-12-07 15:35:00.000,44.58933,760
2010-12-07 15:40:00.000,44.62188,986
2010-12-07 15:45:00.000,44.62037,1418
2010-12-07 15:50:00.000,44.74621,1423
2010-12-07 15:55:00.000,44.45691,3016
2010-12-08 09:30:00.000,44.1937,2825
2010-12-08 09:35:00.000,44.41056,1008
2010-12-08 09:40:00.000,44.47667,1121
2010-12-08 09:45:00.000,44.27056,1000
2010-12-08 09:50:00.000,44.175,951
2010-12-08 09:55:00.000,44.23417,717
2010-12-08 10:00:00.000,44.26429,870
2010-12-08 10:05:00.000,44.38167,950
2010-12-08 10:10:00.000,44.45364,644
2010-12-08 10:15:00.000,44.245,1032
2010-12-08 10:20:00.000,44.14778,1035
2010-12-08 10:25:00.000,44.24333,587
2010-12-08 10:30:00.000,44.37,300
2010-12-08 10:35:00.000,44.368,818
2010-12-08 10:40:00.000,44.34615,674
2010-12-08 10:45:00.000,44.38222,485
2010-12-08 10:50:00.000,44.415,1146
2010-12-08 10:55:00.000,44.585,334
2010-12-08 11:00:00.000,44.80833,363
2010-12-08 11:05:00.000,44.76071,734
2010-12-08 11:10:00.000,44.83333,689
2010-12-08 11:15:00.000,44.80833,412
2010-12-08 11:20:00.000,44.66765,925
2010-12-08 11:25:00.000,44.70333,329
2010-12-08 11:30:00.000,44.8325,514
2010-12-08 11:35:00.000,44.855,541
2010-12-08 11:40:00.000,44.861,455
2010-12-08 11:45:00.000,44.7875,728
2010-12-08 11:50:00.000,44.911,539
2010-12-08 11:55:00.000,44.794,228
2010-12-08 12:00:00.000,44.76385,887
2010-12-08 12:05:00.000,44.74875,418
2010-12-08 12:10:00.000,44.71,495
2010-12-08 12:15:00.000,44.78556,504
2010-12-08 12:20:00.000,44.70444,531
2010-12-08 12:25:00.000,44.65545,708
2010-12-08 12:30:00.000,44.50923,639
2010-12-08 12:35:00.000,44.442,923
2010-12-08 12:40:00.000,44.419,550
2010-12-08 12:45:00.000,44.3175,348
2010-12-08 12:50:00.000,44.37,149
2010-12-08 12:55:00.000,44.4775,256
2010-12-08 13:00:00.000,44.428,527
2010-12-08 13:05:00.000,44.48867,697
2010-12-08 13:10:00.000,44.668,117
2010-12-08 13:15:00.000,44.78545,722
2010-12-08 13:20:00.000,44.907,587
2010-12-08 13:25:00.000,45.1925,182
2010-12-08 13:30:00.000,45.34538,746
2010-12-08 13:35:00.000,45.44167,582
2010-12-08 13:40:00.000,45.32,504
2010-12-08 13:45:00.000,45.116,563
2010-12-08 13:50:00.000,45.17111,563
2010-12-08 13:55:00.000,45.05182,555
2010-12-08 14:00:00.000,44.86143,730
2010-12-08 14:05:00.000,44.79875,446
2010-12-08 14:10:00.000,44.63,484
2010-12-08 14:15:00.000,44.58091,646
2010-12-08 14:20:00.000,44.69583,677
2010-12-08 14:25:00.000,44.68417,814
2010-12-08 14:30:00.000,44.90444,479
2010-12-08 14:35:00.000,44.77143,832
2010-12-08 14:40:00.000,44.68077,678
2010-12-08 14:45:00.000,44.64667,443
2010-12-08 14:50:00.000,44.74231,696
2010-12-08 14:55:00.000,44.72429,939
2010-12-08 15:00:00.000,44.745,533
2010-12-08 15:05:00.000,44.779,632
2010-12-08 15:10:00.000,44.84786,733
2010-12-08 15:15:00.000,44.90812,840
2010-12-08 15:20:00.000,44.74222,523
2010-12-08 15:25:00.000,44.7365,1141
2010-12-08 15:30:00.000,44.7775,730
2010-12-08 15:35:00.000,44.81882,946
2010-12-08 15:40:00.000,44.57647,842
2010-12-08 15:45:00.000,44.36667,968
2010-12-08 15:50:00.000,44.15313,827
2010-12-08 15:55:00.000,44.36189,2136
2010-12-09 09:30:00.000,44.77319,2284
2010-12-09 09:35:00.000,44.6628,1296
2010-12-09 09:40:00.000,44.826,1072
2010-12-09 09:45:00.000,44.88778,575
2010-12-09 09:50:00.000,44.85143,668
2010-12-09 09:55:00.000,44.76889,614
2010-12-09 10:00:00.000,44.70857,836
2010-12-09 10:05:00.000,44.75357,797
2010-12-09 10:10:00.000,44.788,676
2010-12-09 10:15:00.000,44.897,554
2010-12-09 10:20:00.000,44.88231,773
2010-12-09 10:25:00.000,45.05417,641
2010-12-09 10:30:00.000,45.18444,503
2010-12-09 10:35:00.000,45.15429,288
2010-12-09 10:40:00.000,44.97889,526
2010-12-09 10:45:00.000,45.0125,784
2010-12-09 10:50:00.000,45.125,295
2010-12-09 10:55:00.000,45.11545,476
2010-12-09 11:00:00.000,45.07923,775
2010-12-09 11:05:00.000,44.96727,702
2010-12-09 11:10:00.000,45.06625,889
2010-12-09 11:15:00.000,45.235,590
2010-12-09 11:20:00.000,45.38364,605
2010-12-09 11:25:00.000,45.37667,858
2010-12-09 11:30:00.000,45.45933,789
2010-12-09 11:35:00.000,45.614,618
2010-12-09 11:40:00.000,45.55455,608
2010-12-09 11:45:00.000,45.5925,767
2010-12-09 11:50:00.000,45.61,577
2010-12-09 11:55:00.000,45.59214,653
2010-12-09 12:00:00.000,45.64167,383
2010-12-09 12:05:00.000,45.71556,450
2010-12-09 12:10:00.000,45.54583,827
2010-12-09 12:15:00.000,45.59,293
2010-12-09 12:20:00.000,45.641,531
2010-12-09 12:25:00.000,45.77667,529
2010-12-09 12:30:00.000,45.89692,898
2010-12-09 12:35:00.000,45.87833,301
2010-12-09 12:40:00.000,45.97444,488
2010-12-09 12:45:00.000,46.05895,1045
2010-12-09 12:50:00.000,46.13,202
2010-12-09 12:55:00.000,46.07833,332
2010-12-09 13:00:00.000,46.14222,562
2010-12-09 13:05:00.000,46.05375,361
2010-12-09 13:10:00.000,46.00077,766
2010-12-09 13:15:00.000,46.14833,656
2010-12-09 13:20:00.000,46.2125,437
2010-12-09 13:25:00.000,46.1475,420
2010-12-09 13:30:00.000,46.12286,386
2010-12-09 13:35:00.000,45.94333,222
2010-12-09 13:40:00.000,45.79625,527
2010-12-09 13:45:00.000,45.88778,539
2010-12-09 13:50:00.000,45.84824,997
2010-12-09 13:55:00.000,45.98111,518
2010-12-09 14:00:00.000,45.97727,609
2010-12-09 14:05:00.000,45.92857,316
2010-12-09 14:10:00.000,46.113,635
2010-12-09 14:15:00.000,46.065,475
2010-12-09 14:20:00.000,45.951,515
2010-12-09 14:25:00.000,45.7275,439
2010-12-09 14:30:00.000,45.70182,554
2010-12-09 14:35:00.000,45.6425,457
2010-12-09 14:40:00.000,45.53182,538
2010-12-09 14:45:00.000,45.47,665
2010-12-09 14:50:00.000,45.483,539
2010-12-09 14:55:00.000,45.56273,639
2010-12-09 15:00:00.000,45.54444,301
2010-12-09 15:05:00.000,45.43909,568
2010-12-09 15:10:00.000,45.40714,365
2010-12-09 15:15:00.000,45.33833,416
2010-12-09 15:20:00.000,45.40067,888
2010-12-09 15:25:00.000,45.31652,1149
2010-12-09 15:30:00.000,45.362,442
2010-12-09 15:35:00.000,45.33421,1375
2010-12-09 15:40:00.000,45.42846,898
2010-12-09 15:45:00.000,45.61812,870
2010-12-09 15:50:00.000,45.50833,1289
2010-12-09 15:55:00.000,45.20549,2931
2010-12-10 09:30:00.000,44.90818,2511
2010-12-10 09:35:00.000,44.6487,1055
2010-12-10 09:40:00.000,44.85,705
2010-12-10 09:45:00.000,44.74063,779
2010-12-10 09:50:00.000,44.60714,648
2010-12-10 09:55:00.000,44.55824,938
2010-12-10 10:00:00.000,44.44429,790
2010-12-10 10:05:00.000,44.43111,411
2010-12-10 10:10:00.000,44.30133,601
2010-12-10 10:15:00.000,44.26,664
2010-12-10 10:20:00.000,44.069,735
2010-12-10 10:25:00.000,44.07167,1063
2010-12-10 10:30:00.000,43.995,287
2010-12-10 10:35:00.000,44.03083,724
2010-12-10 10:40:00.000,44.063,531
2010-12-10 10:45:00.000,44.09429,285
2010-12-10 10:50:00.000,44.08333,378
2010-12-10 10:55:00.000,44.01727,712
2010-12-10 11:00:00.000,44.07824,942
2010-12-10 11:05:00.000,44.06714,421
2010-12-10 11:10:00.000,44.20778,591
2010-12-10 11:15:00.000,44.27091,657
2010-12-10 11:20:00.000,44.14583,680
2010-12-10 11:25:00.000,44.15556,578
2010-12-10 11:30:00.000,44.19375,520
2010-12-10 11:35:00.000,43.92857,375
2010-12-10 11:40:00.000,43.835,366
2010-12-10 11:45:00.000,43.74917,580
2010-12-10 11:50:00.000,43.77167,378
2010-12-10 11:55:00.000,43.93727,441
2010-12-10 12:00:00.000,43.90143,364
2010-12-10 12:05:00.000,43.94,777
2010-12-10 12:10:00.000,44.071,528
2010-12-10 12:15:00.000,44.126,599
2010-12-10 12:20:00.000,44.16111,612
2010-12-10 12:25:00.000,44.20667,240
2010-12-10 12:30:00.000,44.28667,239
2010-12-10 12:35:00.000,44.405,408
2010-12-10 12:40:00.000,44.37625,447
2010-12-10 12:45:00.000,44.43636,554
2010-12-10 12:50:00.000,44.535,615
2010-12-10 12:55:00.000,44.43375,370
2010-12-10 13:00:00.000,44.41222,493
2010-12-10 13:05:00.000,44.3425,391
2010-12-10 13:10:00.000,44.40909,666
2010-12-10 13:15:00.000,44.47714,358
2010-12-10 13:20:00.000,44.53786,682
2010-12-10 13:25:00.000,44.52571,365
2010-12-10 13:30:00.000,44.626,587
2010-12-10 13:35:00.000,44.79667,552
2010-12-10 13:40:00.000,44.86444,759
2010-12-10 13:45:00.000,44.77111,384
2010-12-10 13:50:00.000,44.83333,365
2010-12-10 13:55:00.000,44.983,407
2010-12-10 14:00:00.000,44.99667,544
2010-12-10 14:05:00.000,45.04333,460
2010-12-10 14:10:00.000,45.02429,292
2010-12-10 14:15:00.000,45.06444,448
2010-12-10 14:20:00.000,45.02889,478
2010-12-10 14:25:00.000,44.9475,291
2010-12-10 14:30:00.000,44.86364,647
2010-12-10 14:35:00.000,44.9725,778
2010-12-10 14:40:00.000,45.10167,386
2010-12-10 14:45:00.000,45.17625,920
2010-12-10 14:50:00.000,45.13556,426
2010-12-10 14:55:00.000,45.03667,396
2010-12-10 15:00:00.000,45.01,581
2010-12-10 15:05:00.000,45.097,500
2010-12-10 15:10:00.000,45.21533,878
2010-12-10 15:15:00.000,45.17933,922
2010-12-10 15:20:00.000,45.12286,814
2010-12-10 15:25:00.000,45.17188,908
2010-12-10 15:30:00.000,45.01,763
2010-12-10 15:35:00.000,44.953,575
2010-12-10 15:40:00.000,44.96647,878
2010-12-10 15:45:00.000,45.04167,830
2010-12-10 15:50:00.000,45.10615,679
2010-12-10 15:55:00.000,45.13533,1810
2010-12-13 09:30:00.000,45.00359,2129
2010-12-13 09:35:00.000,44.987,1797
2010-12-13 09:40:00.000,45.37652,1184
2010-12-13 09:45:00.000,45.54952,953
2010-12-13 09:50:00.000,45.61143,700
2010-12-13 09:55:00.000,45.388,677
2010-12-13 10:00:00.000,45.30083,524
2010-12-13 10:05:00.000,45.22308,642
2010-12-13 10:10:00.000,45.223,706
2010-12-13 10:15:00.000,45.209,516
2010-12-13 10:20:00.000,45.33667,677
2010-12-13 10:25:00.000,45.34222,839
2010-12-13 10:30:00.000,45.34813,725
2010-12-13 10:35:00.000,45.29875,302
2010-12-13 10:40:00.000,45.32818,562
2010-12-13 10:45:00.000,45.41875,439
2010-12-13 10:50:00.000,45.57909,594
2010-12-13 10:55:00.000,45.69154,597
2010-12-13 11:00:00.000,45.76385,565
2010-12-13 11:05:00.000,45.76308,875
2010-12-13 11:10:00.000,45.70333,751
2010-12-13 11:15:00.000,45.75091,358
2010-12-13 11:20:00.000,45.64273,543
2010-12-13 11:25:00.000,45.53,335
2010-12-13 11:30:00.000,45.678,322
2010-12-13 11:35:00.000,45.72467,857
2010-12-13 11:40:00.000,45.79,559
2010-12-13 11:45:00.000,45.65625,458
2010-12-13 11:50:00.000,45.568,494
2010-12-13 11:55:00.000,45.612,227
2010-12-13 12:00:00.000,45.666,564
2010-12-13 12:05:00.000,45.81909,521
2010-12-13 12:10:00.000,45.91,538
2010-12-13 12:15:00.000,45.97667,580
2010-12-13 12:20:00.000,45.83538,665
2010-12-13 12:25:00.000,45.85,370
2010-12-13 12:30:00.000,45.92889,475
2010-12-13 12:35:00.000,45.79286,443
2010-12-13 12:40:00.000,46.02625,477
2010-12-13 12:45:00.000,46.15667,289
2010-12-13 12:50:00.000,46.22889,547
2010-12-13 12:55:00.000,46.136,421
2010-12-13 13:00:00.000,46.03692,618
2010-12-13 13:05:00.000,45.992,779
2010-12-13 13:10:00.000,45.95571,305
2010-12-13 13:15:00.000,45.81625,511
2010-12-13 13:20:00.000,45.75333,251
2010-12-13 13:25:00.000,45.75375,322
2010-12-13 13:30:00.000,45.72,357
2010-12-13 13:35:00.000,45.72111,439
2010-12-13 13:40:00.000,45.826,867
2010-12-13 13:45:00.000,45.84867,896
2010-12-13 13:50:00.000,45.93571,493
2010-12-13 13:55:00.000,45.905,795
2010-12-13 14:00:00.000,45.89,641
2010-12-13 14:05:00.000,45.785,330
2010-12-13 14:10:00.000,45.73571,357
2010-12-13 14:15:00.000,45.86857,365
2010-12-13 14:20:00.000,45.93467,844
2010-12-13 14:25:00.000,45.995,622
2010-12-13 14:30:00.000,46.2675,540
2010-12-13 14:35:00.000,46.33278,1027
2010-12-13 14:40:00.000,46.37,771
2010-12-13 14:45:00.000,46.278,433
2010-12-13 14:50:00.000,46.2675,805
2010-12-13 14:55:00.000,46.28125,510
2010-12-13 15:00:00.000,46.41182,616
2010-12-13 15:05:00.000,46.46308,689
2010-12-13 15:10:00.000,46.45462,775
2010-12-13 15:15:00.000,46.27462,632
2010-12-13 15:20:00.000,46.225,666
2010-12-13 15:25:00.000,46.20842,1181
2010-12-13 15:30:00.000,46.20167,281
2010-12-13 15:35:00.000,46.1775,989
2010-12-13 15:40:00.000,46.16875,812
2010-12-13 15:45:00.000,46.25533,846
2010-12-13 15:50:00.000,46.15731,1400
2010-12-13 15:55:00.000,46.10381,2115
2010-12-14 09:30:00.000,46.17449,2795
2010-12-14 09:35:00.000,46.20957,1337
2010-12-14 09:40:00.000,46.1568,1239
2010-12-14 09:45:00.000,46.34786,821
2010-12-14 09:50:00.000,46.396,689
2010-12-14 09:55:00.000,46.466,1185
2010-12-14 10:00:00.000,46.43937,778
2010-12-14 10:05:00.000,46.44857,397
2010-12-14 10:10:00.000,46.524,879
2010-12-14 10:15:00.000,46.48154,774
2010-12-14 10:20:00.000,46.569,575
2010-12-14 10:25:00.000,46.47455,505
2010-12-14 10:30:00.000,46.57214,669
2010-12-14 10:35:00.000,46.647,413
2010-12-14 10:40:00.000,46.46643,791
2010-12-14 10:45:00.000,46.23,460
2010-12-14 10:50:00.000,46.31,736
2010-12-14 10:55:00.000,46.38333,892
2010-12-14 11:00:00.000,46.54789,945
2010-12-14 11:05:00.000,46.5825,472
2010-12-14 11:10:00.000,46.55545,551
2010-12-14 11:15:00.000,46.69923,730
2010-12-14 11:20:00.000,46.799,460
2010-12-14 11:25:00.000,47.06222,478
2010-12-14 11:30:00.000,47.13538,730
2010-12-14 11:35:00.000,47.20375,477
2010-12-14 11:40:00.000,47.43727,580
2010-12-14 11:45:00.000,47.43083,656
2010-12-14 11:50:00.000,47.36778,393
2010-12-14 11:55:00.000,47.53,154
2010-12-14 12:00:00.000,47.58636,689
2010-12-14 12:05:00.000,47.61143,416
2010-12-14 12:10:00.000,47.617,676
2010-12-14 12:15:00.000,47.66857,326
2010-12-14 12:20:00.000,47.574,640
2010-12-14 12:25:00.000,47.514,746
2010-12-14 12:30:00.000,47.46429,367
2010-12-14 12:35:00.000,47.32,766
2010-12-14 12:40:00.000,47.13909,627
2010-12-14 12:45:00.000,47.00214,692
2010-12-14 12:50:00.000,46.82273,836
2010-12-14 12:55:00.000,46.8775,215
2010-12-14 13:00:00.000,46.788,578
2010-12-14 13:05:00.000,46.7525,496
2010-12-14 13:10:00.000,46.66143,414
2010-12-14 13:15:00.000,46.67833,787
2010-12-14 13:20:00.000,46.67417,676
2010-12-14 13:25:00.000,46.655,172
2010-12-14 13:30:00.000,46.75143,405
2010-12-14 13:35:00.000,46.80625,407
2010-12-14 13:40:00.000,46.873,603
2010-12-14 13:45:00.000,46.97556,504
2010-12-14 13:50:00.000,46.84385,634
2010-12-14 13:55:00.000,46.71364,686
2010-12-14 14:00:00.000,46.70077,615
2010-12-14 14:05:00.000,46.83125,544
2010-12-14 14:10:00.000,46.86538,738
2010-12-14 14:15:00.000,46.94231,720
2010-12-14 14:20:00.000,46.75333,718
2010-12-14 14:25:00.000,46.7,381
2010-12-14 14:30:00.000,46.6925,440
2010-12-14 14:35:00.000,46.78333,296
2010-12-14 14:40:00.000,46.876,779
2010-12-14 14:45:00.000,46.81778,621
2010-12-14 14:50:00.000,46.52615,813
2010-12-14 14:55:00.000,46.41571,381
2010-12-14 15:00:00.000,46.45143,337
2010-12-14 15:05:00.000,46.43714,451
2010-12-14 15:10:00.000,46.405,360
2010-12-14 15:15:00.000,46.38,667
2010-12-14 15:20:00.000,46.35533,801
2010-12-14 15:25:00.000,46.30263,1248
2010-12-14 15:30:00.000,46.55222,976
2010-12-14 15:35:00.000,46.68182,657
2010-12-14 15:40:00.000,46.82167,650
2010-12-14 15:45:00.000,46.74778,934
2010-12-14 15:50:00.000,46.57783,1038
2010-12-14 15:55:00.000,46.54458,2643
2010-12-15 09:30:00.000,46.94294,2659
2010-12-15 09:35:00.000,46.98211,915
2010-12-15 09:40:00.000,46.97391,1353
2010-12-15 09:45:00.000,46.90083,1359
2010-12-15 09:50:00.000,46.89636,755
2010-12-15 09:55:00.000,46.857,623
2010-12-15 10:00:00.000,46.95412,839
2010-12-15 10:05:00.000,46.74111,498
2010-12-15 10:10:00.000,46.69692,746
2010-12-15 10:15:00.000,46.61235,887
2010-12-15 10:20:00.000,46.58687,1002
2010-12-15 10:25:00.000,46.59562,804
2010-12-15 10:30:00.000,46.57889,413
2010-12-15 10:35:00.000,46.52643,634
2010-12-15 10:40:00.000,46.58273,582
2010-12-15 10:45:00.000,46.71889,422
2010-12-15 10:50:00.000,46.7825,561
2010-12-15 10:55:00.000,46.66,241
2010-12-15 11:00:00.000,46.65867,620
2010-12-15 11:05:00.000,46.574,489
2010-12-15 11:10:00.000,46.55125,494
2010-12-15 11:15:00.000,46.54875,440
2010-12-15 11:20:00.000,46.60167,347
2010-12-15 11:25:00.000,46.71364,506
2010-12-15 11:30:00.000,46.85417,760
2010-12-15 11:35:00.000,46.91,342
2010-12-15 11:40:00.000,46.92636,585
2010-12-15 11:45:00.000,47.07909,564
2010-12-15 11:50:00.000,46.95643,860
2010-12-15 11:55:00.000,46.89143,367
2010-12-15 12:00:00.000,46.853,578
2010-12-15 12:05:00.000,46.86667,428
2010-12-15 12:10:00.000,46.82846,555
2010-12-15 12:15:00.000,46.82917,489
2010-12-15 12:20:00.000,46.701,520
2010-12-15 12:25:00.000,46.65571,694
2010-12-15 12:30:00.000,46.62091,622
2010-12-15 12:35:00.000,46.526,305
2010-12-15 12:40:00.000,46.50417,734
2010-12-15 12:45:00.000,46.43833,273
2010-12-15 12:50:00.000,46.46385,556
2010-12-15 12:55:00.000,46.325,482
2010-12-15 13:00:00.000,46.123,441
2010-12-15 13:05:00.000,46.02273,487
2010-12-15 13:10:00.000,46.135,267
2010-12-15 13:15:00.000,46.115,278
2010-12-15 13:20:00.000,46.1125,403
2010-12-15 13:25:00.000,46.18143,726
2010-12-15 13:30:00.000,46.125,429
2010-12-15 13:35:00.000,46.414,307
2010-12-15 13:40:00.000,46.40313,918
2010-12-15 13:45:00.000,46.26364,419
2010-12-15 13:50:00.000,46.2625,732
2010-12-15 13:55:00.000,46.1,812
2010-12-15 14:00:00.000,46.12167,675
2010-12-15 14:05:00.000,46.14333,329
2010-12-15 14:10:00.000,46.13727,752
2010-12-15 14:15:00.000,46.18,827
2010-12-15 14:20:00.000,46.27833,326
2010-12-15 14:25:00.000,46.32111,556
2010-12-15 14:30:00.000,46.34533,747
2010-12-15 14:35:00.000,46.33,1039
2010-12-15 14:40:00.000,46.48364,561
2010-12-15 14:45:00.000,46.58273,619
2010-12-15 14:50:00.000,46.53889,497
2010-12-15 14:55:00.000,46.52375,385
2010-12-15 15:00:00.000,46.57778,1016
2010-12-15 15:05:00.000,46.71133,711
2010-12-15 15:10:00.000,46.86111,320
2010-12-15 15:15:00.000,46.85,609
2010-12-15 15:20:00.000,46.85588,827
2010-12-15 15:25:00.000,46.90533,774
2010-12-15 15:30:00.000,46.88437,816
2010-12-15 15:35:00.000,46.69286,360
2010-12-15 15:40:00.000,46.63308,805
2010-12-15 15:45:00.000,46.75762,1200
2010-12-15 15:50:00.000,47.01214,1595
2010-12-15 15:55:00.000,47.24283,2760
2010-12-16 09:30:00.000,47.51327,2619
2010-12-16 09:35:00.000,47.835,885
2010-12-16 09:40:00.000,48.02591,760
2010-12-16 09:45:00.000,47.915,946
2010-12-16 09:50:00.000,48.09294,1029
2010-12-16 09:55:00.000,48.27556,1109
2010-12-16 10:00:00.000,48.1575,815
2010-12-16 10:05:00.000,48.10667,575
2010-12-16 10:10:00.000,48.26333,620
2010-12-16 10:15:00.000,48.36071,779
2010-12-16 10:20:00.000,48.387,512
2010-12-16 10:25:00.000,48.24833,813
2010-12-16 10:30:00.000,48.31615,794
2010-12-16 10:35:00.000,48.36533,766
2010-12-16 10:40:00.000,48.53182,742
2010-12-16 10:45:00.000,48.602,517
2010-12-16 10:50:00.000,48.52214,745
2010-12-16 10:55:00.000,48.55818,523
2010-12-16 11:00:00.000,48.45,700
2010-12-16 11:05:00.000,48.39125,280
2010-12-16 11:10:00.000,48.46,498
2010-12-16 11:15:00.000,48.38071,717
2010-12-16 11:20:00.000,48.126,330
2010-12-16 11:25:00.000,48.163,612
2010-12-16 11:30:00.000,48.15,575
2010-12-16 11:35:00.000,48.14833,616
2010-12-16 11:40:00.000,48.194,627
2010-12-16 11:45:00.000,48.37417,569
2010-12-16 11:50:00.000,48.36214,776
2010-12-16 11:55:00.000,48.54889,478
2010-12-16 12:00:00.000,48.61833,374
2010-12-16 12:05:00.000,48.62417,727
2010-12-16 12:10:00.000,48.73,357
2010-12-16 12:15:00.000,48.86333,411
2010-12-16 12:20:00.000,48.84273,517
2010-12-16 12:25:00.000,48.74,583
2010-12-16 12:30:00.000,48.65833,313
2010-12-16 12:35:00.000,48.59692,712
2010-12-16 12:40:00.000,48.74,214
2010-12-16 12:45:00.000,48.64727,641
2010-12-16 12:50:00.000,48.66833,295
2010-12-16 12:55:00.000,48.54786,773
2010-12-16 13:00:00.000,48.51714,280
2010-12-16 13:05:00.000,48.45,714
2010-12-16 13:10:00.000,48.41545,633
2010-12-16 13:15:00.000,48.24917,674
2010-12-16 13:20:00.000,48.03625,339
2010-12-16 13:25:00.000,48.026,304
2010-12-16 13:30:00.000,47.96222,385
2010-12-16 13:35:00.000,47.81,136
2010-12-16 13:40:00.000,47.739,564
2010-12-16 13:45:00.000,47.67846,650
2010-12-16 13:50:00.000,47.67267,889
2010-12-16 13:55:00.000,47.84,666
2010-12-16 14:00:00.000,48.06625,382
2010-12-16 14:05:00.000,48.08917,507
2010-12-16 14:10:00.000,48.13077,809
2010-12-16 14:15:00.000,48.13667,294
2010-12-16 14:20:00.000,48.18,300
2010-12-16 14:25:00.000,48.1375,432
2010-12-16 14:30:00.000,47.98125,391
2010-12-16 14:35:00.000,48.02286,1230
2010-12-16 14:40:00.000,48.03571,454
2010-12-16 14:45:00.000,48.01933,835
2010-12-16 14:50:00.000,48.04,752
2010-12-16 14:55:00.000,48.06833,1052
2010-12-16 15:00:00.000,48.28375,473
2010-12-16 15:05:00.000,48.35,936
2010-12-16 15:10:00.000,48.18267,973
2010-12-16 15:15:00.000,48.20571,829
2010-12-16 15:20:00.000,48.0705,1056
2010-12-16 15:25:00.000,48.13889,613
2010-12-16 15:30:00.000,47.83286,361
2010-12-16 15:35:00.000,48.02353,887
2010-12-16 15:40:00.000,48.20571,849
2010-12-16 15:45:00.000,48.13714,828
2010-12-16 15:50:00.000,48.06211,1137
2010-12-16 15:55:00.000,48.12038,2874
2010-12-17 09:30:00.000,48.12767,1539
2010-12-17 09:35:00.000,47.92059,2157
2010-12-17 09:40:00.000,48.20593,1553
2010-12-17 09:45:00.000,48.44857,1287
2010-12-17 09:50:00.000,48.67059,1268
2010-12-17 09:55:00.000,48.62909,528
2010-12-17 10:00:00.000,48.74067,850
2010-12-17 10:05:00.000,48.91583,729
2010-12-17 10:10:00.000,49.04615,569
2010-12-17 10:15:00.000,49.25,566
2010-12-17 10:20:00.000,49.22667,754
2010-12-17 10:25:00.000,49.25429,265
2010-12-17 10:30:00.000,49.2925,522
2010-12-17 10:35:00.000,49.34308,733
2010-12-17 10:40:00.000,49.41071,789
2010-12-17 10:45:00.000,49.35833,304
2010-12-17 10:50:00.000,49.41636,519
2010-12-17 10:55:00.000,49.4,531
2010-12-17 11:00:00.000,49.50333,579
2010-12-17 11:05:00.000,49.44077,585
2010-12-17 11:10:00.000,49.57,359
2010-12-17 11:15:00.000,49.62923,706
2010-12-17 11:20:00.000,49.664,775
2010-12-17 11:25:00.000,49.733,387
2010-12-17 11:30:00.000,49.81688,770
2010-12-17 11:35:00.000,49.902,485
2010-12-17 11:40:00.000,50.15111,477
2010-12-17 11:45:00.000,50.37,315
2010-12-17 11:50:00.000,50.37846,724
2010-12-17 11:55:00.000,50.318,476
2010-12-17 12:00:00.000,50.248,687
2010-12-17 12:05:00.000,50.10286,284
2010-12-17 12:10:00.000,50.17778,586
2010-12-17 12:15:00.000,50.31333,513
2010-12-17 12:20:00.000,50.30667,214
2010-12-17 12:25:00.000,50.32,535
2010-12-17 12:30:00.000,50.41,497
2010-12-17 12:35:00.000,50.54286,300
2010-12-17 12:40:00.000,50.62,482
2010-12-17 12:45:00.000,50.42273,498
2010-12-17 12:50:00.000,50.3075,457
2010-12-17 12:55:00.000,50.20857,346
2010-12-17 13:00:00.000,50.237,506
2010-12-17 13:05:00.000,50.20273,669
2010-12-17 13:10:00.000,50.2855,1153
2010-12-17 13:15:00.000,50.366,351
2010-12-17 13:20:00.000,50.38444,581
2010-12-17 13:25:00.000,50.49091,572
2010-12-17 13:30:00.000,50.50167,724
2010-12-17 13:35:00.000,50.42222,499
2010-12-17 13:40:00.000,50.31722,1068
2010-12-17 13:45:00.000,50.332,543
2010-12-17 13:50:00.000,50.24333,808
2010-12-17 13:55:00.000,50.12333,522
2010-12-17 14:00:00.000,49.905,330
2010-12-17 14:05:00.000,49.93667,491
2010-12-17 14:10:00.000,50.009,464
2010-12-17 14:15:00.000,49.9225,425
2010-12-17 14:20:00.000,50.067,693
2010-12-17 14:25:00.000,50.04857,463
2010-12-17 14:30:00.000,49.965,588
2010-12-17 14:35:00.000,49.78286,796
2010-12-17 14:40:00.000,49.55667,709
2010-12-17 14:45:00.000,49.81231,539
2010-12-17 14:50:00.000,49.98,635
2010-12-17 14:55:00.000,49.851,612
2010-12-17 15:00:00.000,49.77667,567
2010-12-17 15:05:00.000,49.68647,928
2010-12-17 15:10:00.000,49.61636,650
2010-12-17 15:15:00.000,49.72417,678
2010-12-17 15:20:00.000,49.8455,908
2010-12-17 15:25:00.000,49.845,563
2010-12-17 15:30:00.000,50.02667,966
2010-12-17 15:35:00.000,49.86864,1250
2010-12-17 15:40:00.000,49.83545,1143
2010-12-17 15:45:00.000,49.68619,1011
2010-12-17 15:50:00.000,49.61,982
2010-12-17 15:55:00.000,49.5325,2718
2010-12-20 09:30:00.000,49.67311,2363
2010-12-20 09:35:00.000,49.44931,1434
2010-12-20 09:40:00.000,49.30615,1594
2010-12-20 09:45:00.000,49.41316,922
2010-12-20 09:50:00.000,49.66591,1086
2010-12-20 09:55:00.000,49.88286,705
2010-12-20 10:00:00.000,50.22875,896
2010-12-20 10:05:00.000,50.35706,1011
2010-12-20 10:10:00.000,50.32917,655
2010-12-20 10:15:00.000,50.46167,703
2010-12-20 10:20:00.000,50.41308,637
2010-12-20 10:25:00.000,50.368,710
2010-12-20 10:30:00.000,50.22571,822
2010-12-20 10:35:00.000,50.10733,798
2010-12-20 10:40:00.000,50.06375,426
2010-12-20 10:45:00.000,50.11692,752
2010-12-20 10:50:00.000,50.175,345
2010-12-20 10:55:00.000,50.21545,655
2010-12-20 11:00:00.000,50.161,444
2010-12-20 11:05:00.000,50.2525,582
2010-12-20 11:10:00.000,50.133,633
2010-12-20 11:15:00.000,50.07556,422
2010-12-20 11:20:00.000,50.18769,487
2010-12-20 11:25:00.000,50.18471,1019
2010-12-20 11:30:00.000,50.205,663
2010-12-20 11:35:00.000,50.111,473
2010-12-20 11:40:00.000,50.12333,500
2010-12-20 11:45:00.000,50.1125,706
2010-12-20 11:50:00.000,50.10444,387
2010-12-20 11:55:00.000,50.27667,731
2010-12-20 12:00:00.000,50.35,532
2010-12-20 12:05:00.000,50.56364,461
2010-12-20 12:10:00.000,50.64077,864
2010-12-20 12:15:00.000,50.68375,293
2010-12-20 12:20:00.000,50.55375,321
2010-12-20 12:25:00.000,50.50875,405
2010-12-20 12:30:00.000,50.3725,519
2010-12-20 12:35:00.000,50.33353,886
2010-12-20 12:40:00.000,50.313,614
2010-12-20 12:45:00.000,50.46778,570
2010-12-20 12:50:00.000,50.51375,318
2010-12-20 12:55:00.000,50.51923,641
2010-12-20 13:00:00.000,50.43125,443
2010-12-20 13:05:00.000,50.586,700
2010-12-20 13:10:00.000,50.45,284
2010-12-20 13:15:00.000,50.462,624
2010-12-20 13:20:00.000,50.55222,356
2010-12-20 13:25:00.000,50.49222,632
2010-12-20 13:30:00.000,50.59,215
2010-12-20 13:35:00.000,50.49889,509
2010-12-20 13:40:00.000,50.455,330
2010-12-20 13:45:00.000,50.48462,764
2010-12-20 13:50:00.000,50.33,471
2010-12-20 13:55:00.000,50.45083,626
2010-12-20 14:00:00.000,50.59188,787
2010-12-20 14:05:00.000,50.6175,417
2010-12-20 14:10:00.000,50.54462,759
2010-12-20 14:15:00.000,50.498,335
2010-12-20 14:20:00.000,50.41,358
2010-12-20 14:25:00.000,50.32778,625
2010-12-20 14:30:00.000,50.39111,993
2010-12-20 14:35:00.000,50.21312,641
2010-12-20 14:40:00.000,50.405,779
2010-12-20 14:45:00.000,50.494,516
2010-12-20 14:50:00.000,50.42091,651
2010-12-20 14:55:00.000,50.57438,987
2010-12-20 15:00:00.000,50.37308,879
2010-12-20 15:05:00.000,50.28353,1002
2010-12-20 15:10:00.000,50.34455,677
2010-12-20 15:15:00.000,50.43588,842
2010-12-20 15:20:00.000,50.65412,878
2010-12-20 15:25:00.000,50.70889,535
2010-12-20 15:30:00.000,50.81385,820
2010-12-20 15:35:00.000,50.57538,838
2010-12-20 15:40:00.000,50.417,781
2010-12-20 15:45:00.000,50.07722,700
2010-12-20 15:50:00.000,50.06469,1945
2010-12-20 15:55:00.000,50.14179,1785
2010-12-21 09:30:00.000,50.26188,2821
2010-12-21 09:35:00.000,50.2244,1284
2010-12-21 09:40:00.000,50.1376,1371
2010-12-21 09:45:00.000,50.1619,1235
2010-12-21 09:50:00.000,50.32435,1277
2010-12-21 09:55:00.000,50.438,948
2010-12-21 10:00:00.000,50.50867,919
2010-12-21 10:05:00.000,50.78833,306
2010-12-21 10:10:00.000,50.75583,719
2010-12-21 10:15:00.000,50.58444,589
2010-12-21 10:20:00.000,50.68091,700
2010-12-21 10:25:00.000,50.885,777
2010-12-21 10:30:00.000,50.92727,510
2010-12-21 10:35:00.000,50.945,698
2010-12-21 10:40:00.000,50.86929,845
2010-12-21 10:45:00.000,50.99182,632
2010-12-21 10:50:00.000,51.22286,897
2010-12-21 10:55:00.000,51.253,505
2010-12-21 11:00:00.000,51.26333,653
2010-12-21 11:05:00.000,51.37429,401
2010-12-21 11:10:00.000,51.26917,707
2010-12-21 11:15:00.000,51.16583,671
2010-12-21 11:20:00.000,51.19071,901
2010-12-21 11:25:00.000,51.168,486
2010-12-21 11:30:00.000,51.066,533
2010-12-21 11:35:00.000,50.848,451
2010-12-21 11:40:00.000,50.795,483
2010-12-21 11:45:00.000,50.86077,734
2010-12-21 11:50:00.000,50.85625,448
2010-12-21 11:55:00.000,51.00875,387
2010-12-21 12:00:00.000,50.935,221
2010-12-21 12:05:00.000,51.06222,390
2010-12-21 12:10:00.000,51.015,591
2010-12-21 12:15:00.000,51.12,245
2010-12-21 12:20:00.000,51.00429,325
2010-12-21 12:25:00.000,50.99077,624
2010-12-21 12:30:00.000,51.04083,668
2010-12-21 12:35:00.000,51.12444,517
2010-12-21 12:40:00.000,51.11714,430
2010-12-21 12:45:00.000,50.96667,281
2010-12-21 12:50:00.000,50.91375,313
2010-12-21 12:55:00.000,51.1225,436
2010-12-21 13:00:00.000,51.18571,886
2010-12-21 13:05:00.000,51.077,633
2010-12-21 13:10:00.000,50.9,486
2010-12-21 13:15:00.000,51.065,209
2010-12-21 13:20:00.000,51.11111,564
2010-12-21 13:25:00.000,51.37455,743
2010-12-21 13:30:00.000,51.41333,306
2010-12-21 13:35:00.000,51.50222,577
2010-12-21 13:40:00.000,51.62308,696
2010-12-21 13:45:00.000,51.63889,475
2010-12-21 13:50:00.000,51.56615,789
2010-12-21 13:55:00.000,51.50538,698
2010-12-21 14:00:00.000,51.59778,454
2010-12-21 14:05:00.000,51.55,657
2010-12-21 14:10:00.000,51.66375,620
2010-12-21 14:15:00.000,51.58333,887
2010-12-21 14:20:00.000,51.54778,391
2010-12-21 14:25:00.000,51.60636,703
2010-12-21 14:30:00.000,51.63,458
2010-12-21 14:35:00.000,51.77286,859
2010-12-21 14:40:00.000,51.78133,859
2010-12-21 14:45:00.000,51.69059,794
2010-12-21 14:50:00.000,51.66333,346
2010-12-21 14:55:00.000,51.74,607
2010-12-21 15:00:00.000,51.87,461
2010-12-21 15:05:00.000,51.84,552
2010-12-21 15:10:00.000,51.73091,546
2010-12-21 15:15:00.000,51.635,801
2010-12-21 15:20:00.000,51.51,692
2010-12-21 15:25:00.000,51.36647,927
2010-12-21 15:30:00.000,51.4719,1050
2010-12-21 15:35:00.000,51.4625,1086
2010-12-21 15:40:00.000,51.52389,1038
2010-12-21 15:45:00.000,51.41609,1428
2010-12-21 15:50:00.000,51.38519,1399
2010-12-21 15:55:00.000,51.22638,2475
2010-12-22 09:30:00.000,51.77375,2371
2010-12-22 09:35:00.000,51.62968,1620
2010-12-22 09:40:00.000,51.31455,1220
2010-12-22 09:45:00.000,51.25167,842
2010-12-22 09:50:00.000,51.41071,682
2010-12-22 09:55:00.000,51.28125,641
2010-12-22 10:00:00.000,51.26857,798
2010-12-22 10:05:00.000,51.24462,807
2010-12-22 10:10:00.000,50.95842,855
2010-12-22 10:15:00.000,50.89833,656
2010-12-22 10:20:00.000,51.06231,820
2010-12-22 10:25:00.000,51.092,629
2010-12-22 10:30:00.000,51.05933,777
2010-12-22 10:35:00.000,51.03182,661
2010-12-22 10:40:00.000,51.02,486
2010-12-22 10:45:00.000,50.91615,665
2010-12-22 10:50:00.000,51.03125,560
2010-12-22 10:55:00.000,51.09231,723
2010-12-22 11:00:00.000,51.10167,734
2010-12-22 11:05:00.000,51.03818,450
2010-12-22 11:10:00.000,50.88273,542
2010-12-22 11:15:00.000,50.92143,376
2010-12-22 11:20:00.000,51.05583,759
2010-12-22 11:25:00.000,51.03667,415
2010-12-22 11:30:00.000,51.06533,876
2010-12-22 11:35:00.000,50.92917,654
2010-12-22 11:40:00.000,50.8875,425
2010-12-22 11:45:00.000,50.77077,602
2010-12-22 11:50:00.000,50.74,340
2010-12-22 11:55:00.000,50.64,248
2010-12-22 12:00:00.000,50.696,441
2010-12-22 12:05:00.000,50.665,171
2010-12-22 12:10:00.000,50.73667,527
2010-12-22 12:15:00.000,50.85583,704
2010-12-22 12:20:00.000,50.83455,561
2010-12-22 12:25:00.000,50.8775,602
2010-12-22 12:30:00.000,51.01727,689
2010-12-22 12:35:00.000,51.08,356
2010-12-22 12:40:00.000,51.26222,605
2010-12-22 12:45:00.000,51.27,465
2010-12-22 12:50:00.000,51.15833,262
2010-12-22 12:55:00.000,51.05778,439
2010-12-22 13:00:00.000,51.10714,740
2010-12-22 13:05:00.000,51.15875,354
2010-12-22 13:10:00.000,51.09091,609
2010-12-22 13:15:00.000,51.09692,735
2010-12-22 13:20:00.000,51.09778,372
2010-12-22 13:25:00.000,51.215,648
2010-12-22 13:30:00.000,51.26462,765
2010-12-22 13:35:00.000,51.212,533
2010-12-22 13:40:00.000,51.23765,966
2010-12-22 13:45:00.000,51.35875,455
2010-12-22 13:50:00.000,51.553,554
2010-12-22 13:55:00.000,51.605,223
2010-12-22 14:00:00.000,51.68714,357
2010-12-22 14:05:00.000,51.68308,723
2010-12-22 14:10:00.000,51.635,620
2010-12-22 14:15:00.000,51.77167,676
2010-12-22 14:20:00.000,51.811,464
2010-12-22 14:25:00.000,51.94333,623
2010-12-22 14:30:00.000,51.86571,857
2010-12-22 14:35:00.000,51.54222,486
2010-12-22 14:40:00.000,51.45316,1195
2010-12-22 14:45:00.000,51.66111,499
2010-12-22 14:50:00.000,51.68583,877
2010-12-22 14:55:00.000,51.65556,449
2010-12-22 15:00:00.000,51.71905,1241
2010-12-22 15:05:00.000,51.61071,809
2010-12-22 15:10:00.000,51.78467,851
2010-12-22 15:15:00.000,51.64211,1096
2010-12-22 15:20:00.000,51.62,1036
2010-12-22 15:25:00.000,51.62692,874
2010-12-22 15:30:00.000,51.65714,762
2010-12-22 15:35:00.000,52.00917,569
2010-12-22 15:40:00.000,51.916,974
2010-12-22 15:45:00.000,51.89714,1259
2010-12-22 15:50:00.000,51.926,1319
2010-12-22 15:55:00.000,52.01524,3506
2010-12-23 09:30:00.000,51.8782,2643
2010-12-23 09:35:00.000,51.95227,970
2010-12-23 09:40:00.000,51.9019,1203
2010-12-23 09:45:00.000,52.15167,655
2010-12-23 09:50:00.000,52.18455,604
2010-12-23 09:55:00.000,52.04588,947
2010-12-23 10:00:00.000,52.2065,1201
2010-12-23 10:05:00.000,52.36294,932
2010-12-23 10:10:00.000,52.49312,906
2010-12-23 10:15:00.000,52.53909,556
2010-12-23 10:20:00.000,52.44769,682
2010-12-23 10:25:00.000,52.408,399
2010-12-23 10:30:00.000,52.37944,1036
2010-12-23 10:35:00.000,52.44583,773
2010-12-23 10:40:00.000,52.531,538
2010-12-23 10:45:00.000,52.56727,575
2010-12-23 10:50:00.000,52.564,589
2010-12-23 10:55:00.000,52.61667,255
2010-12-23 11:00:00.000,52.567,570
2010-12-23 11:05:00.000,52.49077,829
2010-12-23 11:10:00.000,52.39727,618
2010-12-23 11:15:00.000,52.39125,360
2010-12-23 11:20:00.000,52.46111,598
2010-12-23 11:25:00.000,52.57143,255
2010-12-23 11:30:00.000,52.64875,498
2010-12-23 11:35:00.000,52.7325,540
2010-12-23 11:40:00.000,52.60182,666
2010-12-23 11:45:00.000,52.70462,872
2010-12-23 11:50:00.000,52.92533,685
2010-12-23 11:55:00.000,53.033,656
2010-12-23 12:00:00.000,52.866,267
2010-12-23 12:05:00.000,52.81667,320
2010-12-23 12:10:00.000,52.795,252
2010-12-23 12:15:00.000,52.685,271
2010-12-23 12:20:00.000,52.625,111
2010-12-23 12:25:00.000,52.40455,635
2010-12-23 12:30:00.000,52.296,457
2010-12-23 12:35:00.000,52.31286,435
2010-12-23 12:40:00.000,52.36,466
2010-12-23 12:45:00.000,52.23714,390
2010-12-23 12:50:00.000,51.958,327
2010-12-23 12:55:00.000,52.14143,346
2010-12-23 13:00:00.000,52.06,400
2010-12-23 13:05:00.000,51.966,308
2010-12-23 13:10:00.000,52.018,284
2010-12-23 13:15:00.000,52.001,629
2010-12-23 13:20:00.000,51.98111,623
2010-12-23 13:25:00.000,51.84833,291
2010-12-23 13:30:00.000,51.70154,636
2010-12-23 13:35:00.000,51.72556,443
2010-12-23 13:40:00.000,51.67167,351
2010-12-23 13:45:00.000,51.72286,385
2010-12-23 13:50:00.000,51.89,399
2010-12-23 13:55:00.000,52.12154,579
2010-12-23 14:00:00.000,51.934,262
2010-12-23 14:05:00.000,52.186,227
2010-12-23 14:10:00.000,52.04067,996
2010-12-23 14:15:00.000,51.9475,635
2010-12-23 14:20:00.000,51.98111,508
2010-12-23 14:25:00.000,52.09273,608
2010-12-23 14:30:00.000,52.12889,595
2010-12-23 14:35:00.000,52.103,627
2010-12-23 14:40:00.000,51.83818,556
2010-12-23 14:45:00.000,51.72615,774
2010-12-23 14:50:00.000,51.73235,920
2010-12-23 14:55:00.000,51.67615,678
2010-12-23 15:00:00.000,51.494,387
2010-12-23 15:05:00.000,51.375,529
2010-12-23 15:10:00.000,51.13938,896
2010-12-23 15:15:00.000,51.13133,803
2010-12-23 15:20:00.000,50.94333,704
2010-12-23 15:25:00.000,51.00706,1119
2010-12-23 15:30:00.000,51.11429,759
2010-12-23 15:35:00.000,51.30429,748
2010-12-23 15:40:00.000,51.29937,958
2010-12-23 15:45:00.000,51.17412,755
2010-12-23 15:50:00.000,51.08174,1381
2010-12-23 15:55:00.000,51.38245,2744
2010-12-24 09:30:00.000,51.8698,2877
2010-12-24 09:35:00.000,51.82174,1484
2010-12-24 09:40:00.000,51.63562,771
2010-12-24 09:45:00.000,51.48714,749
2010-12-24 09:50:00.000,51.35938,976
2010-12-24 09:55:00.000,51.18222,392
2010-12-24 10:00:00.000,50.97214,804
2010-12-24 10:05:00.000,50.94714,865
2010-12-24 10:10:00.000,51.19833,784
2010-12-24 10:15:00.000,51.36929,931
2010-12-24 10:20:00.000,51.4125,889
2010-12-24 10:25:00.000,51.59818,505
2010-12-24 10:30:00.000,51.53636,508
2010-12-24 10:35:00.000,51.42526,1169
2010-12-24 10:40:00.000,51.66615,568
2010-12-24 10:45:00.000,51.66818,585
2010-12-24 10:50:00.000,51.68727,651
2010-12-24 10:55:00.000,51.67357,855
2010-12-24 11:00:00.000,51.82833,715
2010-12-24 11:05:00.000,51.818,882
2010-12-24 11:10:00.000,51.91818,609
2010-12-24 11:15:00.000,52.0475,790
2010-12-24 11:20:00.000,52.2525,711
2010-12-24 11:25:00.000,52.305,356
2010-12-24 11:30:00.000,52.43222,959
2010-12-24 11:35:00.000,52.395,276
2010-12-24 11:40:00.000,52.50364,664
2010-12-24 11:45:00.000,52.54231,714
2010-12-24 11:50:00.000,52.504,551
2010-12-24 11:55:00.000,52.47571,384
2010-12-24 12:00:00.000,52.23833,721
2010-12-24 12:05:00.000,52.14714,842
2010-12-24 12:10:00.000,52.12667,740
2010-12-24 12:15:00.000,52.07636,599
2010-12-24 12:20:00.000,52,511
2010-12-24 12:25:00.000,52.13,381
2010-12-24 12:30:00.000,52.202,292
2010-12-24 12:35:00.000,52.07778,511
2010-12-24 12:40:00.000,52.03308,553
2010-12-24 12:45:00.000,51.96,402
2010-12-24 12:50:00.000,52.004,477
2010-12-24 12:55:00.000,52.03143,342
2010-12-24 13:00:00.000,51.97,548
2010-12-24 13:05:00.000,52.09375,436
2010-12-24 13:10:00.000,52.1275,212
2010-12-24 13:15:00.000,52.04467,754
2010-12-24 13:20:00.000,52.01,465
2010-12-24 13:25:00.000,52.03,374
2010-12-24 13:30:00.000,52.32429,411
2010-12-24 13:35:00.000,52.312,562
2010-12-24 13:40:00.000,52.34,343
2010-12-24 13:45:00.000,52.32667,879
2010-12-24 13:50:00.000,52.43333,675
2010-12-24 13:55:00.000,52.553,456
2010-12-24 14:00:00.000,52.52111,499
2010-12-24 14:05:00.000,52.49818,1097
2010-12-24 14:10:00.000,52.55143,263
2010-12-24 14:15:00.000,52.67818,488
2010-12-24 14:20:00.000,52.67133,890
2010-12-24 14:25:00.000,52.61923,463
2010-12-24 14:30:00.000,52.64667,921
2010-12-24 14:35:00.000,52.41667,707
2010-12-24 14:40:00.000,52.34333,463
2010-12-24 14:45:00.000,52.48417,656
2010-12-24 14:50:00.000,52.302,428
2010-12-24 14:55:00.000,52.25077,692
2010-12-24 15:00:00.000,52.21154,748
2010-12-24 15:05:00.000,52.19778,508
2010-12-24 15:10:00.000,52.29167,768
2010-12-24 15:15:00.000,52.62857,351
2010-12-24 15:20:00.000,52.71471,961
2010-12-24 15:25:00.000,52.65182,1177
2010-12-24 15:30:00.000,52.61933,791
2010-12-24 15:35:00.000,52.71,910
2010-12-24 15:40:00.000,52.72333,566
2010-12-24 15:45:00.000,52.61,1052
2010-12-24 15:50:00.000,52.62304,1298
2010-12-24 15:55:00.000,52.69684,2291
2010-12-27 09:30:00.000,52.575,2988
2010-12-27 09:35:00.000,52.67087,1310
2010-12-27 09:40:00.000,52.99053,1218
2010-12-27 09:45:00.000,53.0665,1091
2010-12-27 09:50:00.000,53.09571,1000
2010-12-27 09:55:00.000,53.07059,952
2010-12-27 10:00:00.000,53.12571,911
2010-12-27 10:05:00.000,52.96556,1023
2010-12-27 10:10:00.000,52.89538,697
2010-12-27 10:15:00.000,52.98,897
2010-12-27 10:20:00.000,53.02429,375
2010-12-27 10:25:00.000,52.8075,565
2010-12-27 10:30:00.000,52.72769,711
2010-12-27 10:35:00.000,52.675,818
2010-12-27 10:40:00.000,52.73231,656
2010-12-27 10:45:00.000,52.56333,577
2010-12-27 10:50:00.000,52.64,859
2010-12-27 10:55:00.000,52.89333,1033
2010-12-27 11:00:00.000,52.89909,661
2010-12-27 11:05:00.000,52.839,599
2010-12-27 11:10:00.000,52.79615,766
2010-12-27 11:15:00.000,52.76286,777
2010-12-27 11:20:00.000,52.694,610
2010-12-27 11:25:00.000,52.71556,470
2010-12-27 11:30:00.000,52.62286,474
2010-12-27 11:35:00.000,52.68222,485
2010-12-27 11:40:00.000,52.53571,482
2010-12-27 11:45:00.000,52.54933,757
2010-12-27 11:50:00.000,52.40889,525
2010-12-27 11:55:00.000,52.35364,713
2010-12-27 12:00:00.000,52.1475,436
2010-12-27 12:05:00.000,52.17667,318
2010-12-27 12:10:00.000,52.22533,888
2010-12-27 12:15:00.000,52.22429,494
2010-12-27 12:20:00.000,52.256,776
2010-12-27 12:25:00.000,52.24357,806
2010-12-27 12:30:00.000,52.05444,404
2010-12-27 12:35:00.000,51.94,695
2010-12-27 12:40:00.000,52.01667,629
2010-12-27 12:45:00.000,51.9,304
2010-12-27 12:50:00.000,52.086,256
2010-12-27 12:55:00.000,51.846,655
2010-12-27 13:00:00.000,51.87417,736
2010-12-27 13:05:00.000,51.93333,448
2010-12-27 13:10:00.000,51.94714,357
2010-12-27 13:15:00.000,51.8125,583
2010-12-27 13:20:00.000,51.87,710
2010-12-27 13:25:00.000,51.90571,513
2010-12-27 13:30:00.000,51.79833,737
2010-12-27 13:35:00.000,51.98692,587
2010-12-27 13:40:00.000,52.04111,506
2010-12-27 13:45:00.000,52.02,419
2010-12-27 13:50:00.000,52.00667,323
2010-12-27 13:55:00.000,51.97111,504
2010-12-27 14:00:00.000,51.85077,790
2010-12-27 14:05:00.000,51.786,275
2010-12-27 14:10:00.000,51.92444,640
2010-12-27 14:15:00.000,51.98231,627
2010-12-27 14:20:00.000,51.89889,334
2010-12-27 14:25:00.000,52.06273,477
2010-12-27 14:30:00.000,52.3,338
2010-12-27 14:35:00.000,52.375,832
2010-12-27 14:40:00.000,52.17444,358
2010-12-27 14:45:00.000,52.03429,685
2010-12-27 14:50:00.000,52.22143,893
2010-12-27 14:55:00.000,52.615,498
2010-12-27 15:00:00.000,52.77467,789
2010-12-27 15:05:00.000,52.81111,530
2010-12-27 15:10:00.000,53.12909,562
2010-12-27 15:15:00.000,53.0855,1000
2010-12-27 15:20:00.000,53.29222,1485
2010-12-27 15:25:00.000,53.57778,943
2010-12-27 15:30:00.000,53.65222,480
2010-12-27 15:35:00.000,53.484,1089
2010-12-27 15:40:00.000,53.61765,909
2010-12-27 15:45:00.000,53.608,1084
2010-12-27 15:50:00.000,53.52318,1318
2010-12-27 15:55:00.000,53.09431,2961
2010-12-28 09:30:00.000,53.02413,2552
2010-12-28 09:35:00.000,53.00565,1213
2010-12-28 09:40:00.000,53.06773,1269
2010-12-28 09:45:00.000,53.23188,895
2010-12-28 09:50:00.000,53.19267,544
2010-12-28 09:55:00.000,53.308,586
2010-12-28 10:00:00.000,53.54231,678
2010-12-28 10:05:00.000,53.23786,893
2010-12-28 10:10:00.000,53.07045,1166
2010-12-28 10:15:00.000,53.17091,688
2010-12-28 10:20:00.000,53.23929,768
2010-12-28 10:25:00.000,53.20294,984
2010-12-28 10:30:00.000,53.22923,792
2010-12-28 10:35:00.000,52.97125,496
2010-12-28 10:40:00.000,52.855,690
2010-12-28 10:45:00.000,52.89571,430
2010-12-28 10:50:00.000,52.79714,308
2010-12-28 10:55:00.000,52.72286,397
2010-12-28 11:00:00.000,52.72333,375
2010-12-28 11:05:00.000,52.423,590
2010-12-28 11:10:00.000,52.08692,775
2010-12-28 11:15:00.000,52.20846,714
2010-12-28 11:20:00.000,52.23692,742
2010-12-28 11:25:00.000,52.522,345
2010-12-28 11:30:00.000,52.48,868
2010-12-28 11:35:00.000,52.44687,976
2010-12-28 11:40:00.000,52.56,122
2010-12-28 11:45:00.000,52.48333,598
2010-12-28 11:50:00.000,52.37667,718
2010-12-28 11:55:00.000,52.2,436
2010-12-28 12:00:00.000,52.20182,648
2010-12-28 12:05:00.000,52.32286,270
2010-12-28 12:10:00.000,52.41125,325
2010-12-28 12:15:00.000,52.37222,321
2010-12-28 12:20:00.000,52.53385,837
2010-12-28 12:25:00.000,52.63,254
2010-12-28 12:30:00.000,52.73231,726
2010-12-28 12:35:00.000,52.79556,340
2010-12-28 12:40:00.000,52.64667,510
2010-12-28 12:45:00.000,52.57417,743
2010-12-28 12:50:00.000,52.54,440
2010-12-28 12:55:00.000,52.62143,632
2010-12-28 13:00:00.000,52.48333,122
2010-12-28 13:05:00.000,52.46615,832
2010-12-28 13:10:00.000,52.473,675
2010-12-28 13:15:00.000,52.322,569
2010-12-28 13:20:00.000,52.444,535
2010-12-28 13:25:00.000,52.48667,348
2010-12-28 13:30:00.000,52.45,340
2010-12-28 13:35:00.000,52.51846,714
2010-12-28 13:40:00.000,52.64889,504
2010-12-28 13:45:00.000,52.66833,236
2010-12-28 13:50:00.000,52.74778,556
2010-12-28 13:55:00.000,52.74636,689
2010-12-28 14:00:00.000,52.56818,629
2010-12-28 14:05:00.000,52.68125,276
2010-12-28 14:10:00.000,52.87143,410
2010-12-28 14:15:00.000,53.01714,307
2010-12-28 14:20:00.000,52.97083,682
2010-12-28 14:25:00.000,52.96857,439
2010-12-28 14:30:00.000,52.96167,774
2010-12-28 14:35:00.000,52.86091,524
2010-12-28 14:40:00.000,52.98917,621
2010-12-28 14:45:00.000,52.8825,647
2010-12-28 14:50:00.000,53.01789,1191
2010-12-28 14:55:00.000,53.055,747
2010-12-28 15:00:00.000,52.90273,514
2010-12-28 15:05:00.000,52.92895,1162
2010-12-28 15:10:00.000,52.79,989
2010-12-28 15:15:00.000,52.71467,801
2010-12-28 15:20:00.000,52.82941,819
2010-12-28 15:25:00.000,52.68444,862
2010-12-28 15:30:00.000,52.46667,788
2010-12-28 15:35:00.000,52.54,841
2010-12-28 15:40:00.000,52.53,1126
2010-12-28 15:45:00.000,52.759,1226
2010-12-28 15:50:00.000,52.74652,1145
2010-12-28 15:55:00.000,52.83354,2441
2010-12-29 09:30:00.000,52.99792,2407
2010-12-29 09:35:00.000,52.99893,1501
2010-12-29 09:40:00.000,53.00941,919
2010-12-29 09:45:00.000,52.95739,1387
2010-12-29 09:50:00.000,52.8825,421
2010-12-29 09:55:00.000,52.99091,538
2010-12-29 10:00:00.000,53.08867,864
2010-12-29 10:05:00.000,53.12625,430
2010-12-29 10:10:00.000,53.25375,672
2010-12-29 10:15:00.000,53.15667,798
2010-12-29 10:20:00.000,53.09833,504
2010-12-29 10:25:00.000,53.02357,772
2010-12-29 10:30:00.000,52.91308,826
2010-12-29 10:35:00.000,52.72667,690
2010-12-29 10:40:00.000,52.87889,428
2010-12-29 10:45:00.000,52.91063,854
2010-12-29 10:50:00.000,52.8575,692
2010-12-29 10:55:00.000,52.87545,638
2010-12-29 11:00:00.000,52.991,514
2010-12-29 11:05:00.000,53.27125,418
2010-12-29 11:10:00.000,53.23286,690
2010-12-29 11:15:00.000,53.23333,678
2010-12-29 11:20:00.000,53.345,268
2010-12-29 11:25:00.000,53.3675,266
2010-12-29 11:30:00.000,53.28857,738
2010-12-29 11:35:00.000,53.25143,356
2010-12-29 11:40:00.000,53.285,131
2010-12-29 11:45:00.000,53.17375,444
2010-12-29 11:50:00.000,53.3625,368
2010-12-29 11:55:00.000,53.52214,952
2010-12-29 12:00:00.000,53.44111,615
2010-12-29 12:05:00.000,53.338,358
2010-12-29 12:10:00.000,53.4825,382
2010-12-29 12:15:00.000,53.51909,637
2010-12-29 12:20:00.000,53.42,164
2010-12-29 12:25:00.000,53.47077,638
2010-12-29 12:30:00.000,53.69182,617
2010-12-29 12:35:00.000,53.695,513
2010-12-29 12:40:00.000,53.82786,748
2010-12-29 12:45:00.000,54.10385,957
2010-12-29 12:50:00.000,54.10222,345
2010-12-29 12:55:00.000,54.008,568
2010-12-29 13:00:00.000,53.911,599
2010-12-29 13:05:00.000,53.85571,354
2010-12-29 13:10:00.000,53.80833,696
2010-12-29 13:15:00.000,53.77909,662
2010-12-29 13:20:00.000,53.66643,947
2010-12-29 13:25:00.000,53.63111,387
2010-12-29 13:30:00.000,53.632,377
2010-12-29 13:35:00.000,53.505,743
2010-12-29 13:40:00.000,53.44,142
2010-12-29 13:45:00.000,53.536,712
2010-12-29 13:50:00.000,53.4925,665
2010-12-29 13:55:00.000,53.59118,892
2010-12-29 14:00:00.000,53.73833,343
2010-12-29 14:05:00.000,53.73,375
2010-12-29 14:10:00.000,53.785,511
2010-12-29 14:15:00.000,53.91833,311
2010-12-29 14:20:00.000,53.70625,447
2010-12-29 14:25:00.000,53.50667,409
2010-12-29 14:30:00.000,53.35067,838
2010-12-29 14:35:00.000,53.38083,674
2010-12-29 14:40:00.000,53.45462,670
2010-12-29 14:45:00.000,53.55818,575
2010-12-29 14:50:00.000,53.57625,988
2010-12-29 14:55:00.000,53.47824,851
2010-12-29 15:00:00.000,53.496,755
2010-12-29 15:05:00.000,53.59,258
2010-12-29 15:10:00.000,53.46462,756
2010-12-29 15:15:00.000,53.56684,981
2010-12-29 15:20:00.000,53.73444,1053
2010-12-29 15:25:00.000,53.90294,887
2010-12-29 15:30:00.000,54.0445,1171
2010-12-29 15:35:00.000,54.04,865
2010-12-29 15:40:00.000,54.11133,693
2010-12-29 15:45:00.000,54.1015,1021
2010-12-29 15:50:00.000,54.0136,1430
2010-12-29 15:55:00.000,53.6698,2809
2010-12-30 09:30:00.000,53.75255,2916
2010-12-30 09:35:00.000,53.844,1012
2010-12-30 09:40:00.000,53.892,1240
2010-12-30 09:45:00.000,54.062,1066
2010-12-30 09:50:00.000,54.30765,750
2010-12-30 09:55:00.000,54.33462,651
2010-12-30 10:00:00.000,54.30857,392
2010-12-30 10:05:00.000,54.16077,805
2010-12-30 10:10:00.000,54.19692,619
2010-12-30 10:15:00.000,54.27947,936
2010-12-30 10:20:00.000,54.42,899
2010-12-30 10:25:00.000,54.27417,518
2010-12-30 10:30:00.000,54.27727,662
2010-12-30 10:35:00.000,54.14333,698
2010-12-30 10:40:00.000,53.97,447
2010-12-30 10:45:00.000,54.013,606
2010-12-30 10:50:00.000,54.019,620
2010-12-30 10:55:00.000,54.02688,1127
2010-12-30 11:00:00.000,53.91182,623
2010-12-30 11:05:00.000,53.90667,313
2010-12-30 11:10:00.000,54.08,620
2010-12-30 11:15:00.000,54.17818,583
2010-12-30 11:20:00.000,54.29,568
2010-12-30 11:25:00.000,54.185,450
2010-12-30 11:30:00.000,54.22083,752
2010-12-30 11:35:00.000,54.42125,372
2010-12-30 11:40:00.000,54.42647,915
2010-12-30 11:45:00.000,54.57231,701
2010-12-30 11:50:00.000,54.77889,398
2010-12-30 11:55:00.000,54.98909,416
2010-12-30 12:00:00.000,55.0575,395
2010-12-30 12:05:00.000,54.895,357
2010-12-30 12:10:00.000,54.68364,668
2010-12-30 12:15:00.000,54.64,224
2010-12-30 12:20:00.000,54.72167,372
2010-12-30 12:25:00.000,54.808,493
2010-12-30 12:30:00.000,54.89429,418
2010-12-30 12:35:00.000,54.90625,319
2010-12-30 12:40:00.000,54.91364,609
2010-12-30 12:45:00.000,54.85667,161
2010-12-30 12:50:00.000,54.688,478
2010-12-30 12:55:00.000,54.88,494
2010-12-30 13:00:00.000,54.925,279
2010-12-30 13:05:00.000,54.932,287
2010-12-30 13:10:00.000,54.91286,281
2010-12-30 13:15:00.000,55.01727,645
2010-12-30 13:20:00.000,55.03143,709
2010-12-30 13:25:00.000,54.89571,727
2010-12-30 13:30:00.000,55.08231,683
2010-12-30 13:35:00.000,55.18667,366
2010-12-30 13:40:00.000,55.21125,423
2010-12-30 13:45:00.000,55.09571,300
2010-12-30 13:50:00.000,54.93909,726
2010-12-30 13:55:00.000,54.92714,195
2010-12-30 14:00:00.000,54.97222,463
2010-12-30 14:05:00.000,55.048,1026
2010-12-30 14:10:00.000,55.01438,824
2010-12-30 14:15:00.000,54.98727,696
2010-12-30 14:20:00.000,55.045,516
2010-12-30 14:25:00.000,55.2,245
2010-12-30 14:30:00.000,55,296
2010-12-30 14:35:00.000,55.01154,775
2010-12-30 14:40:00.000,54.93067,967
2010-12-30 14:45:00.000,54.82,1012
2010-12-30 14:50:00.000,54.90727,647
2010-12-30 14:55:00.000,54.837,677
2010-12-30 15:00:00.000,54.75667,401
2010-12-30 15:05:00.000,54.795,803
2010-12-30 15:10:00.000,54.84333,611
2010-12-30 15:15:00.000,54.734,592
2010-12-30 15:20:00.000,54.60818,429
2010-12-30 15:25:00.000,54.715,662
2010-12-30 15:30:00.000,55.03923,682
2010-12-30 15:35:00.000,54.88429,1198
2010-12-30 15:40:00.000,55.0495,967
2010-12-30 15:45:00.000,55.07316,1128
2010-12-30 15:50:00.000,55.0125,1289
2010-12-30 15:55:00.000,55.42618,3461
2010-12-31 09:30:00.000,55.36262,2138
2010-12-31 09:35:00.000,55.36,1329
2010-12-31 09:40:00.000,55.24957,1279
2010-12-31 09:45:00.000,55.14,716
2010-12-31 09:50:00.000,54.82292,1187
2010-12-31 09:55:00.000,54.89438,867
2010-12-31 10:00:00.000,55.06706,931
2010-12-31 10:05:00.000,55.12071,607
2010-12-31 10:10:00.000,55.45429,863
2010-12-31 10:15:00.000,55.818,809
2010-12-31 10:20:00.000,55.77231,902
2010-12-31 10:25:00.000,55.75778,465
2010-12-31 10:30:00.000,55.78154,681
2010-12-31 10:35:00.000,55.72462,376
2010-12-31 10:40:00.000,55.73667,364
2010-12-31 10:45:00.000,55.91222,927
2010-12-31 10:50:00.000,55.70437,975
2010-12-31 10:55:00.000,55.667,560
2010-12-31 11:00:00.000,55.93533,894
2010-12-31 11:05:00.000,55.85917,550
2010-12-31 11:10:00.000,55.83733,679
2010-12-31 11:15:00.000,55.84231,787
2010-12-31 11:20:00.000,56.01,493
2010-12-31 11:25:00.000,56.09286,659
2010-12-31 11:30:00.000,56.03727,647
2010-12-31 11:35:00.000,56.23692,683
2010-12-31 11:40:00.000,56.07462,824
2010-12-31 11:45:00.000,56.16,913
2010-12-31 11:50:00.000,56.105,610
2010-12-31 11:55:00.000,56.034,434
2010-12-31 12:00:00.000,55.9325,501
2010-12-31 12:05:00.000,55.94429,347
2010-12-31 12:10:00.000,55.97286,363
2010-12-31 12:15:00.000,55.77,430
2010-12-31 12:20:00.000,55.792,405
2010-12-31 12:25:00.000,55.75182,510
2010-12-31 12:30:00.000,55.62625,351
2010-12-31 12:35:00.000,55.53308,620
2010-12-31 12:40:00.000,55.464,609
2010-12-31 12:45:00.000,55.406,255
2010-12-31 12:50:00.000,55.416,403
2010-12-31 12:55:00.000,55.495,173
2010-12-31 13:00:00.000,55.438,800
2010-12-31 13:05:00.000,55.51273,508
2010-12-31 13:10:00.000,55.52385,672
2010-12-31 13:15:00.000,55.47273,650
2010-12-31 13:20:00.000,55.345,211
2010-12-31 13:25:00.000,55.34462,822
2010-12-31 13:30:00.000,55.43385,683
2010-12-31 13:35:00.000,55.56,979
2010-12-31 13:40:00.000,55.47556,512
2010-12-31 13:45:00.000,55.44889,522
2010-12-31 13:50:00.000,55.49,218
2010-12-31 13:55:00.000,55.474,668
2010-12-31 14:00:00.000,55.48583,769
2010-12-31 14:05:00.000,55.531,560
2010-12-31 14:10:00.000,55.54786,774
2010-12-31 14:15:00.000,55.55867,814
2010-12-31 14:20:00.000,55.533,514
2010-12-31 14:25:00.000,55.56286,396
2010-12-31 14:30:00.000,55.70647,891
2010-12-31 14:35:00.000,55.57286,328
2010-12-31 14:40:00.000,55.41462,655
2010-12-31 14:45:00.000,55.38625,501
2010-12-31 14:50:00.000,55.36556,577
2010-12-31 14:55:00.000,55.61474,1082
2010-12-31 15:00:00.000,55.58267,930
2010-12-31 15:05:00.000,55.61062,824
2010-12-31 15:10:00.000,55.52182,418
2010-12-31 15:15:00.000,55.51,666
2010-12-31 15:20:00.000,55.6675,978
2010-12-31 15:25:00.000,55.74462,783
2010-12-31 15:30:00.000,55.92722,1016
2010-12-31 15:35:00.000,55.67813,830
2010-12-31 15:40:00.000,55.91458,1369
2010-12-31 15:45:00.000,56.00765,1194
2010-12-31 15:50:00.000,56.06542,1458
2010-12-31 15:55:00.000,56.34585,2225
